"onderdeel","soort plugin","entityrequest","naam","service","classdefinitie","serviceaanroep","filenaam"
"CBM","action","VerslagbeoordelingIndienenRequest","VerslagbeoordelingBehandelPlugin","AutoRSMFactory","public class VerslagbeoordelingBehandelPlugin : ActionPluginEventHandler<VerslagbeoordelingIndienenRequest, VerslagbeoordelingIndienenResponse>, IPlugin","var autoRSM = context.Resolve<AutoRSMFactory>()","C:\Beheer\Vibe\toezicht2\Rechtspraak.Toezicht.Cbm.AutoRSM\Verslagbeoordelingen\VerslagbeoordelingBehandelPlugin.cs"
"CBM","action","VerslagIndienenRequest","VerslagBehandelPlugin","AutoRSMFactory","public class VerslagBehandelPlugin : ActionPluginEventHandler<VerslagIndienenRequest, VerslagIndienenResponse>, IPlugin","var autoRSM = context.Resolve<AutoRSMFactory>()","C:\Beheer\Vibe\toezicht2\Rechtspraak.Toezicht.Cbm.AutoRSM\Verslagen\VerslagBehandelPlugin.cs"
"CBM","action","VerzoekIndienenRequest","VerzoekBehandelPlugin","AutoRSMFactory","public class VerzoekBehandelPlugin : ActionPluginEventHandler<VerzoekIndienenRequest, VerzoekIndienenResponse>, IPlugin","var autoRSM = context.Resolve<AutoRSMFactory>()","C:\Beheer\Vibe\toezicht2\Rechtspraak.Toezicht.Cbm.AutoRSM\Verzoeken\VerzoekBehandelPlugin.cs"
"CBM","entity","Aantekening","AantekeningPlugin","AantekeningService","public class AantekeningPlugin : PluginEventHandler<Aantekening>, IPlugin","context.Resolve<AantekeningService>()","C:\Beheer\Vibe\toezicht2\Rechtspraak.Toezicht.Processing\Cbm\AantekeningPlugin.cs"
"CBM","entity","Beloningsbedrag","BeloningsbedragPlugin","BeloningsbedragService","public class BeloningsbedragPlugin : PluginEventHandler<Beloningsbedrag>, IPlugin","context.Resolve<BeloningsbedragService>()","C:\Beheer\Vibe\toezicht2\Rechtspraak.Toezicht.Processing\Cbm\BeloningsbedragPlugin.cs"
"CBM","entity","Beslissing","BeslissingPlugin","AmbtshalveBeslissingService","public class BeslissingPlugin : PluginEventHandler<Beslissing>, IPlugin","context.Resolve<AmbtshalveBeslissingService>()","C:\Beheer\Vibe\toezicht2\Rechtspraak.Toezicht.Processing\Cbm\BeslissingPlugin.cs"
"CBM","entity","CbmBelanghebbendeDerde","CbmBelanghebbendePlugin","CbmzaakbelanghebbendeService","public class CbmzaakbelanghebbendePlugin : PluginEventHandler<CbmBelanghebbendeDerde>, IPlugin","context.Resolve<CbmzaakbelanghebbendeService>()","C:\Beheer\Vibe\toezicht2\Rechtspraak.Toezicht.Processing\Cbm\CbmBelanghebbendePlugin.cs"
"CBM","entity","ExterneTaak","ExterneTaakPlugin","ExterneTaakService","public class ExterneTaakPlugin : PluginEventHandler<ExterneTaak>, IPlugin","context.Resolve<ExterneTaakService>()","C:\Beheer\Vibe\toezicht2\Rechtspraak.Toezicht.Processing\Cbm\ExterneTaakPlugin.cs"
"CBM","entity","Notificatie","NotificatiePlugin","NotificatieEntityService","public class NotificatiePlugin : PluginEventHandler<Notificatie>, IPlugin","context.Resolve<NotificatieEntityService>()","C:\Beheer\Vibe\toezicht2\Rechtspraak.Toezicht.Processing\Cbm\NotificatiePlugin.cs"
"CBM","entity","Onderneming","OndernemingPlugin","ZaakuitvoerderService","public class OndernemingPlugin : PluginEventHandler<Onderneming>, IPlugin","context.Resolve<ZaakuitvoerderService>()","C:\Beheer\Vibe\toezicht2\Rechtspraak.Toezicht.Processing\Cbm\OndernemingPlugin.cs"
"CBM","entity","CbmInstellingsverzoekderde","CbmInstellingsverzoekDerdePlugin","CbmInstellingsverzoekDerdeService","public class CbmInstellingsverzoekDerdePlugin : PluginEventHandler<CbmInstellingsverzoekderde>, IPlugin","context.Resolve<CbmInstellingsverzoekDerdeService>()","C:\Beheer\Vibe\toezicht2\Rechtspraak.Toezicht.Processing\Cbm\Instellingsverzoeken\CbmInstellingsverzoekDerdePlugin.cs"
"CBM","entity","CbmInstellingsverzoeker","CbmInstellingsverzoekerPlugin","CbmInstellingsverzoekerService","public class CbmInstellingsverzoekerPlugin : PluginEventHandler<CbmInstellingsverzoeker>, IPlugin","context.Resolve<CbmInstellingsverzoekerService>()","C:\Beheer\Vibe\toezicht2\Rechtspraak.Toezicht.Processing\Cbm\Instellingsverzoeken\CbmInstellingsverzoekerPlugin.cs"
"CBM","action","InstellingsverzoekAfrondenRequest","InstellingsverzoekAfrondenActionPlugin","InstellingsverzoekAfrondenService","public class InstellingsverzoekAfrondenActionPlugin : ActionPluginEventHandler<InstellingsverzoekAfrondenRequest, InstellingsverzoekAfrondenResponse>, IPlugin","context.Resolve<InstellingsverzoekAfrondenService>().Afronden(request.Target.Id);","C:\Beheer\Vibe\toezicht2\Rechtspraak.Toezicht.Processing\Cbm\Instellingsverzoeken\InstellingsverzoekAfrondenActionPlugin.cs"
"CBM","action","InstellingsverzoekChecklistRegistrerenRequest","InstellingsverzoekChecklistRegistrerenActionPlugin","ICrmReadContextAsSystemUser","public class InstellingsverzoekChecklistRegistrerenActionPlugin : ActionPluginEventHandler<InstellingsverzoekChecklistRegistrerenRequest, InstellingsverzoekChecklistRegistrerenResponse>, IPlugin","var systemContext = context.Resolve<ICrmReadContextAsSystemUser>();","C:\Beheer\Vibe\toezicht2\Rechtspraak.Toezicht.Processing\Cbm\Instellingsverzoeken\InstellingsverzoekChecklistRegistrerenActionPlugin.cs"
"CBM","action","InstellingsverzoekMeerInformatieRequest","InstellingsverzoekMeerInformatieActionPlugin","InstellingsverzoekMeerInformatieService","public class InstellingsverzoekMeerInformatieActionPlugin : ActionPluginEventHandler<InstellingsverzoekMeerInformatieRequest, InstellingsverzoekMeerInformatieResponse>, IPlugin","context.Resolve<InstellingsverzoekMeerInformatieService>().MeerInformatieVragen(request.Target.Id, request.Toelichting, einddatum);","C:\Beheer\Vibe\toezicht2\Rechtspraak.Toezicht.Processing\Cbm\Instellingsverzoeken\InstellingsverzoekMeerInformatieActionPlugin.cs"
"CBM","entity","CbmInstellingsverzoek","InstellingsverzoekPlugin","InstellingsverzoekService","public class InstellingsverzoekPlugin : PluginEventHandler<CbmInstellingsverzoek>, IPlugin","context.Resolve<InstellingsverzoekService>()","C:\Beheer\Vibe\toezicht2\Rechtspraak.Toezicht.Processing\Cbm\Instellingsverzoeken\InstellingsverzoekPlugin.cs"
"CBM","entity","CbmPortaalgebruiker","PortaalgebruikerPlugin","PortaalgebruikerService","public class PortaalgebruikerPlugin : PluginEventHandler<CbmPortaalgebruiker>, IPlugin","context.Resolve<PortaalgebruikerService>()","C:\Beheer\Vibe\toezicht2\Rechtspraak.Toezicht.Processing\Cbm\Portaalgebruiker\PortaalgebruikerPlugin.cs"
"CBM","action","GenereerCbmZakenUitvoerderRapportRequest","GenereerZakenUitvoerderRapportActionPlugin","ZakenUitvoerderRapportService","public class GenereerZakenUitvoerderRapportActionPlugin : ActionPluginEventHandler<GenereerCbmZakenUitvoerderRapportRequest, GenereerCbmZakenUitvoerderRapportResponse>, IPlugin","var service = context.Resolve<ZakenUitvoerderRapportService>();","C:\Beheer\Vibe\toezicht2\Rechtspraak.Toezicht.Processing\Cbm\Rapporten\GenereerZakenUitvoerderRapportActionPlugin.cs"
"CBM","action","CbmBeschikkingMakenRequest","CbmBeschikkingMakenActionPlugin","ICrmReadContextAsSystemUser","public class CbmBeschikkingMakenActionPlugin : ActionPluginEventHandler<CbmBeschikkingMakenRequest, CbmBeschikkingMakenResponse>, IPlugin","var systemContext = context.Resolve<ICrmReadContextAsSystemUser>();","C:\Beheer\Vibe\toezicht2\Rechtspraak.Toezicht.Processing\Cbm\Schrijfhulp\CbmBeschikkingMakenActionPlugin.cs"
"CBM","action","CbmBriefMakenRequest","CbmBriefMakenActionPlugin","ICrmReadContext","public class BriefMakenActionPlugin : ActionPluginEventHandler<CbmBriefMakenRequest, CbmBriefMakenResponse>, IPlugin","var userContext = context.Resolve<ICrmReadContext>();","C:\Beheer\Vibe\toezicht2\Rechtspraak.Toezicht.Processing\Cbm\Schrijfhulp\CbmBriefMakenActionPlugin.cs"
"CBM","action","GetBriefCustomersRequest","GetBriefCustomersActionPlugin","BriefCustomerService","public class GetBriefCustomersActionPlugin : ActionPluginEventHandler<GetBriefCustomersRequest, GetBriefCustomersResponse>, IPlugin","var service = context.Resolve<BriefCustomerService>();","C:\Beheer\Vibe\toezicht2\Rechtspraak.Toezicht.Processing\Cbm\Schrijfhulp\GetBriefCustomersActionPlugin.cs"
"CBM","action","VerslagTonenRequest","OverschredenVerslagenTonenActionPlugin","OverschredenVerslagenRapportService","public class OverschredenVerslagenTonenActionPlugin : ActionPluginEventHandler<VerslagTonenRequest, VerslagTonenResponse>, IPlugin","var html = context.Resolve<OverschredenVerslagenRapportService>()","C:\Beheer\Vibe\toezicht2\Rechtspraak.Toezicht.Processing\Cbm\Verslagen\OverschredenVerslagenTonenActionPlugin.cs"
"CBM","entity","Verslag","VerslagPlugin","VerslagService","public class VerslagPlugin : PluginEventHandler<Verslag>, IPlugin","context.Resolve<VerslagService>()","C:\Beheer\Vibe\toezicht2\Rechtspraak.Toezicht.Processing\Cbm\Verslagen\VerslagPlugin.cs"
"CBM","entity","CbmGriffierecht","GriffierechtPlugin","GriffierechtService","public class GriffierechtPlugin : PluginEventHandler<CbmGriffierecht>, IPlugin","context.Resolve<GriffierechtService>().PrepareCreate(record);","C:\Beheer\Vibe\toezicht2\Rechtspraak.Toezicht.Processing\Cbm\Verzoeken\GriffierechtPlugin.cs"
"CBM","entity","CbmVerzoek","VerzoekPlugin","VerzoekService","public class VerzoekPlugin : PluginEventHandler<CbmVerzoek>, IPlugin","context.Resolve<VerzoekService>()","C:\Beheer\Vibe\toezicht2\Rechtspraak.Toezicht.Processing\Cbm\Verzoeken\VerzoekPlugin.cs"
"CBM","entity","BulkBijRechtsopvolging","BulkBijRechtsopvolgingPlugin","BulkBijRechtsopvolgingService","public class BulkBijRechtsopvolgingPlugin : PluginEventHandler<BulkBijRechtsopvolging>, IPlugin","context.Resolve<BulkBijRechtsopvolgingService>()","C:\Beheer\Vibe\toezicht2\Rechtspraak.Toezicht.Processing\Cbm\Zaken\BulkBijRechtsopvolgingPlugin.cs"
"CBM","entity","EconomischeEenheid","EconomischeEenheidPlugin","EconomischeEenheidService","public class EconomischeEenheidPlugin : PluginEventHandler<EconomischeEenheid>, IPlugin","context.Resolve<EconomischeEenheidService>()","C:\Beheer\Vibe\toezicht2\Rechtspraak.Toezicht.Processing\Cbm\Zaken\EconomischeEenheidPlugin.cs"
"CBM","entity","Rechtbankwijziging","RechtbankwijzigingPlugin","RechtbankwijzigingService","public class RechtbankwijzigingPlugin : PluginEventHandler<Rechtbankwijziging>, IPlugin","context.Resolve<RechtbankwijzigingService>()","C:\Beheer\Vibe\toezicht2\Rechtspraak.Toezicht.Processing\Cbm\Zaken\RechtbankwijzigingPlugin.cs"
"CBM","entity","Uitvoerderwijziging","UitvoerderwijzigingPlugin","UitvoerderwijzigingService","public class UitvoerderwijzigingPlugin : PluginEventHandler<Uitvoerderwijziging>, IPlugin","context.Resolve<UitvoerderwijzigingService>()","C:\Beheer\Vibe\toezicht2\Rechtspraak.Toezicht.Processing\Cbm\Zaken\UitvoerderwijzigingPlugin.cs"
"CBM","entity","CbmZaakafronding","ZaakafrondingPlugin","ZaakafrondingService","public class ZaakafrondingPlugin : PluginEventHandler<CbmZaakafronding>, IPlugin","context.Resolve<ZaakafrondingService>()","C:\Beheer\Vibe\toezicht2\Rechtspraak.Toezicht.Processing\Cbm\Zaken\ZaakafrondingPlugin.cs"
"CBM","entity","Zaakbeloning","ZaakbeloningPlugin","ZaakbeloningValidator","public class ZaakbeloningPlugin : PluginEventHandler<Zaakbeloning>, IPlugin","context.Resolve<ZaakbeloningValidator>()","C:\Beheer\Vibe\toezicht2\Rechtspraak.Toezicht.Processing\Cbm\Zaken\ZaakbeloningPlugin.cs"
"CBM","entity","Zaakinvoerbeloning","ZaakinvoerbeloningPlugin","ZaakinvoerbeloningValidator","public class ZaakinvoerbeloningPlugin : PluginEventHandler<Zaakinvoerbeloning>, IPlugin","context.Resolve<ZaakinvoerbeloningValidator>()","C:\Beheer\Vibe\toezicht2\Rechtspraak.Toezicht.Processing\Cbm\Zaken\ZaakinvoerbeloningPlugin.cs"
"CBM","entity","CbmZaakinvoer","ZaakinvoerPlugin","ZaakinvoerService","public class ZaakinvoerPlugin : PluginEventHandler<CbmZaakinvoer>, IPlugin","context.Resolve<ZaakinvoerService>()","C:\Beheer\Vibe\toezicht2\Rechtspraak.Toezicht.Processing\Cbm\Zaken\ZaakinvoerPlugin.cs"
"CBM","entity","Zaakuitvoerder","ZaakuitvoerderPlugin","ZaakuitvoerderValidator","public class ZaakuitvoerderPlugin : PluginEventHandler<Zaakuitvoerder>, IPlugin","context.Resolve<ZaakuitvoerderValidator>()","C:\Beheer\Vibe\toezicht2\Rechtspraak.Toezicht.Processing\Cbm\Zaken\ZaakuitvoerderPlugin.cs"
"CBM","entity","Zittingsafspraak","ZittingsafspraakPlugin","ZittingsafspraakService","public class ZittingsafspraakPlugin : PluginEventHandler<Zittingsafspraak>, IPlugin","context.Resolve<ZittingsafspraakService>()","C:\Beheer\Vibe\toezicht2\Rechtspraak.Toezicht.Processing\Cbm\Zittingen\ZittingsafspraakPlugin.cs"
"Common","entity","Adres","AdresPlugin","AdresService","public class AdresPlugin : PluginEventHandler<Adres>, IPlugin","var service = context.Resolve<AdresService>();","C:\Beheer\Vibe\toezicht2\Rechtspraak.Toezicht.Processing\Common\AdresPlugin.cs"
"Common","entity","Zittingsafspraak","AfspraakPlugin","Zittingsafspraak","public class AfspraakPlugin : PluginEventHandler<Zittingsafspraak>, IPlugin","var zittingsafspraak = ExtendedEntity.Create<Zittingsafspraak>(target, context.Resolve<ICrmReadContext>());","C:\Beheer\Vibe\toezicht2\Rechtspraak.Toezicht.Processing\Common\AfspraakPlugin.cs"
"Common","entity","ExternBericht","ExternBerichtPlugin","CbmExternBerichtService","public class ExternBerichtPlugin : PluginEventHandler<ExternBericht>, IPlugin","context.Resolve<CbmExternBerichtService>()","C:\Beheer\Vibe\toezicht2\Rechtspraak.Toezicht.Processing\Common\ExternBerichtPlugin.cs"
"Common","action","GetNatuurlijkPersoonInfoByBsnRequest","GetNatuurlijkPersoonInfoByBsnActionPlugin","IBsnService","public class GetNatuurlijkPersoonInfoByBsnActionPlugin : ActionPluginEventHandler<GetNatuurlijkPersoonInfoByBsnRequest, GetNatuurlijkPersoonInfoByBsnResponse>, IPlugin","var bsnService = context.Resolve<IBsnService>();","C:\Beheer\Vibe\toezicht2\Rechtspraak.Toezicht.Processing\Common\GetNatuurlijkPersoonInfoByBsnActionPlugin.cs"
"Common","action","GetPersoonIdByBsnRequest","GetPersoonIdByBsnActionPlugin","IBsnService","public class GetPersoonIdByBsnActionPlugin : ActionPluginEventHandler<GetPersoonIdByBsnRequest, GetPersoonIdByBsnResponse>, IPlugin","var bsnService = context.Resolve<IBsnService>();","C:\Beheer\Vibe\toezicht2\Rechtspraak.Toezicht.Processing\Common\GetPersoonIdByBsnActionPlugin.cs"
"Common","entity","Griffierechtbedrag","GriffierechtBedragPlugin","GriffierechtBedragService","public class GriffierechtBedragPlugin : PluginEventHandler<Griffierechtbedrag>, IPlugin","context.Resolve<GriffierechtBedragService>().PrepareCreate(record);","C:\Beheer\Vibe\toezicht2\Rechtspraak.Toezicht.Processing\Common\GriffierechtBedragPlugin.cs"
"Common","entity","HandelendOnderDeNaam","HodnPlugin","HodnService","public class HodnPlugin : PluginEventHandler<HandelendOnderDeNaam>, IPlugin","context.Resolve<HodnService>()","C:\Beheer\Vibe\toezicht2\Rechtspraak.Toezicht.Processing\Common\HodnPlugin.cs"
"Common","entity","Task","InterneTaakPlugin","InterneTaakService","public class InterneTaakPlugin : PluginEventHandler<Task>, IPlugin","context.Resolve<InterneTaakService>()","C:\Beheer\Vibe\toezicht2\Rechtspraak.Toezicht.Processing\Common\InterneTaakPlugin.cs"
"Common","entity","NatuurlijkPersoon","NatuurlijkPersoonPlugin","NatuurlijkPersoonService","public class NatuurlijkPersoonPlugin : PluginEventHandler<NatuurlijkPersoon>, IPlugin","context.Resolve<NatuurlijkPersoonService>()","C:\Beheer\Vibe\toezicht2\Rechtspraak.Toezicht.Processing\Common\NatuurlijkPersoonPlugin.cs"
"Common","entity","Onderneming","OndernemingPlugin","OndernemingService","public class OndernemingPlugin : PluginEventHandler<Onderneming>, IPlugin","context.Resolve<OndernemingService>()","C:\Beheer\Vibe\toezicht2\Rechtspraak.Toezicht.Processing\Common\OndernemingPlugin.cs"
"Common","entity","Opmerking","OpmerkingPlugin","OpmerkingService","public class OpmerkingPlugin : PluginEventHandler<Opmerking>, IPlugin","context.Resolve<OpmerkingService>()","C:\Beheer\Vibe\toezicht2\Rechtspraak.Toezicht.Processing\Common\OpmerkingPlugin.cs"
"Common","entity","Telefoongesprek","TelefoongesprekPlugin","TelefoongesprekService","public class TelefoongesprekPlugin : PluginEventHandler<Telefoongesprek>, IPlugin","context.Resolve<TelefoongesprekService>()","C:\Beheer\Vibe\toezicht2\Rechtspraak.Toezicht.Processing\Common\TelefoongesprekPlugin.cs"
"Common","action","UpdateNatuurlijkPersoonRequest","UpdateNatuurlijkPersoonActionPlugin","BsnService","public class UpdateNatuurlijkPersoonActionPlugin : ActionPluginEventHandler<UpdateNatuurlijkPersoonRequest, UpdateNatuurlijkPersoonResponse>, IPlugin","var contact = context.Resolve<BsnService>().UpdateContact(persoon, out _);","C:\Beheer\Vibe\toezicht2\Rechtspraak.Toezicht.Processing\Common\UpdateNatuurlijkPersoonActionPlugin.cs"
"Common","action","UpdateOndernemingRequest","UpdateOndernemingActionPlugin","IKvkService","public class UpdateOndernemingActionPlugin : ActionPluginEventHandler<UpdateOndernemingRequest, UpdateOndernemingResponse>, IPlugin","var kvkService = context.Resolve<IKvkService>();","C:\Beheer\Vibe\toezicht2\Rechtspraak.Toezicht.Processing\Common\UpdateOndernemingActionPlugin.cs"
"Common","entity","WerktBij","WerkrelatiePlugin","WerkrelatieService","public class WerkrelatiePlugin : PluginEventHandler<WerktBij>, IPlugin","context.Resolve<WerkrelatieService>()","C:\Beheer\Vibe\toezicht2\Rechtspraak.Toezicht.Processing\Common\WerkrelatiePlugin.cs"
"Common","entity","Zitting","ZittingPlugin","ZittingService","public class ZittingPlugin : PluginEventHandler<Zitting>, IPlugin","context.Resolve<ZittingService>()","C:\Beheer\Vibe\toezicht2\Rechtspraak.Toezicht.Processing\Common\ZittingPlugin.cs"
"Common","entity","spir_document","DocumentPlugin","IDocumentenService","public class DocumentPlugin : PluginEventHandler<spir_document>, IPlugin","var documentenService = context.Resolve<IDocumentenService>();","C:\Beheer\Vibe\toezicht2\Rechtspraak.Toezicht.Processing\Common\Documenten\DocumentPlugin.cs"
"Insolventie","entity","Opdracht","OpdrachtPlugin","OpdrachtService","public class OpdrachtPlugin : PluginEventHandler<Opdracht>, IPlugin","context.Resolve<OpdrachtService>()","C:\Beheer\Vibe\toezicht2\Rechtspraak.Toezicht.Processing\Insolventie\OpdrachtPlugin.cs"
"Insolventie","entity","InsRechtbankwijziging","RechtbankwijzigingPlugin","RechtbankwijzigingService","public class RechtbankwijzigingPlugin : PluginEventHandler<InsRechtbankwijziging>, IPlugin","context.Resolve<RechtbankwijzigingService>()","C:\Beheer\Vibe\toezicht2\Rechtspraak.Toezicht.Processing\Insolventie\Opdrachten\RechtbankwijzigingPlugin.cs"
"Insolventie","entity","Pauzemoment","PauzemomentPlugin","PauzemomentService","public class PauzemomentPlugin : PluginEventHandler<Pauzemoment>, IPlugin","context.Resolve<PauzemomentService>()","C:\Beheer\Vibe\toezicht2\Rechtspraak.Toezicht.Processing\Insolventie\Pauzemomenten\PauzemomentPlugin.cs"
"Insolventie","entity","Publicatie","PublicatiePlugin","PublicatieService","public class PublicatiePlugin : PluginEventHandler<Publicatie>, IPlugin","context.Resolve<PublicatieService>().PrepareCreate(record);","C:\Beheer\Vibe\toezicht2\Rechtspraak.Toezicht.Processing\Insolventie\Publicaties\PublicatiePlugin.cs"
"Insolventie","action","GenereerRapportRequest","GenereerRapportActionPlugin",,"public class GenereerRapportActionPlugin : ActionPluginEventHandler<GenereerRapportRequest, GenereerRapportResponse>, IPlugin",,"C:\Beheer\Vibe\toezicht2\Rechtspraak.Toezicht.Processing\Insolventie\Rapporten\GenereerRapportActionPlugin.cs"
"Insolventie","entity","RechterBuitenToezicht","RechterBuitenToezichtPlugin","RechterBuitenToezichtService","public class RechterBuitenToezichtPlugin : PluginEventHandler<RechterBuitenToezicht>, IPlugin","context.Resolve<RechterBuitenToezichtService>().PrepareCreate(record);","C:\Beheer\Vibe\toezicht2\Rechtspraak.Toezicht.Processing\Insolventie\Rechter\RechterBuitenToezichtPlugin.cs"
"Insolventie","entity","BestedeUrenPersoon","BestedeUrenPersoonPlugin","BestedeUrenPersoonService","public class BestedeUrenPersoonPlugin : PluginEventHandler<BestedeUrenPersoon>, IPlugin","context.Resolve<BestedeUrenPersoonService>().PrepareCreate(record);","C:\Beheer\Vibe\toezicht2\Rechtspraak.Toezicht.Processing\Insolventie\Uitvoerders\BestedeUrenPersoonPlugin.cs"
"Insolventie","action","UpdateAdvocaatRequest","UpdateAdvocaatActionPlugin","AdvocaatService","public class UpdateAdvocaatActionPlugin : ActionPluginEventHandler<UpdateAdvocaatRequest, UpdateAdvocaatResponse>, IPlugin","ContactId = context.Resolve<AdvocaatService>()","C:\Beheer\Vibe\toezicht2\Rechtspraak.Toezicht.Processing\Insolventie\Uitvoerders\UpdateAdvocaatActionPlugin.cs"
"Insolventie","action","UpdateAdvocaatKantoorRequest","UpdateAdvocaatKantoorActionPlugin","AdvocaatKantoorService","public class UpdateAdvocaatKantoorActionPlugin : ActionPluginEventHandler<UpdateAdvocaatKantoorRequest, UpdateAdvocaatKantoorResponse>, IPlugin","AccountId = context.Resolve<AdvocaatKantoorService>()","C:\Beheer\Vibe\toezicht2\Rechtspraak.Toezicht.Processing\Insolventie\Uitvoerders\UpdateAdvocaatKantoorActionPlugin.cs"
"Insolventie","action","UpdateNatuurlijkPersoonUitLatRequest","UpdateNatuurlijkPersoonUitLatActionPlugin","AdvocaatService","public class UpdateNatuurlijkPersoonUitLatActionPlugin : ActionPluginEventHandler<UpdateNatuurlijkPersoonUitLatRequest, UpdateNatuurlijkPersoonUitLatResponse>, IPlugin","var service = context.Resolve<AdvocaatService>();","C:\Beheer\Vibe\toezicht2\Rechtspraak.Toezicht.Processing\Insolventie\Uitvoerders\UpdateNatuurlijkPersoonUitLatActionPlugin.cs"
"Insolventie","entity","InsZaakuitvoerder","ZaakUitvoerderPlugin","UitvoerderService","public class ZaakUitvoerderPlugin : PluginEventHandler<InsZaakuitvoerder>, IPlugin","context.Resolve<UitvoerderService>().PrepareCreate(record);","C:\Beheer\Vibe\toezicht2\Rechtspraak.Toezicht.Processing\Insolventie\Uitvoerders\ZaakUitvoerderPlugin.cs"
"Insolventie","action","VerslagTonenRequest","VerslagTonenActionPlugin",,"public class VerslagTonenActionPlugin : ActionPluginEventHandler<VerslagTonenRequest, VerslagTonenResponse>, IPlugin",,"C:\Beheer\Vibe\toezicht2\Rechtspraak.Toezicht.Processing\Insolventie\Verslagen\VerslagTonenActionPlugin.cs"
"Insolventie","action","WsnpEindverslagAanmakenRequest","WsnpEindverslagAanmakenActionPlugin","WsnpEindverslagAanmakenService","public class WsnpEindverslagAanmakenActionPlugin : ActionPluginEventHandler<WsnpEindverslagAanmakenRequest, WsnpEindverslagAanmakenResponse>, IPlugin","var aanmaakService = context.Resolve<WsnpEindverslagAanmakenService>();","C:\Beheer\Vibe\toezicht2\Rechtspraak.Toezicht.Processing\Insolventie\Verslagen\WsnpEindverslagAanmakenActionPlugin.cs"
"Insolventie","action","WsnpEindverslagAnnulerenRequest","WsnpEindverslagAnnulerenActionPlugin","WsnpLooptijdService","public class WsnpEindverslagAnnulerenActionPlugin : ActionPluginEventHandler<WsnpEindverslagAnnulerenRequest, WsnpEindverslagAnnulerenResponse>, IPlugin","var looptijdService = context.Resolve<WsnpLooptijdService>();","C:\Beheer\Vibe\toezicht2\Rechtspraak.Toezicht.Processing\Insolventie\Verslagen\WsnpEindverslagAnnulerenActionPlugin.cs"
"Insolventie","entity","InsGriffierecht","GriffierechtPlugin","GriffierechtService","public class GriffierechtPlugin : PluginEventHandler<InsGriffierecht>, IPlugin","context.Resolve<GriffierechtService>().PrepareCreate(record);","C:\Beheer\Vibe\toezicht2\Rechtspraak.Toezicht.Processing\Insolventie\Verzoeken\GriffierechtPlugin.cs"
"Insolventie","entity","SalarisverzoekUren","SalarisverzoekUrenPlugin","SalarisverzoekUrenService","public class SalarisverzoekUrenPlugin : PluginEventHandler<SalarisverzoekUren>, IPlugin","context.Resolve<SalarisverzoekUrenService>().PrepareCreate(record);","C:\Beheer\Vibe\toezicht2\Rechtspraak.Toezicht.Processing\Insolventie\Verzoeken\SalarisverzoekUrenPlugin.cs"
"Insolventie","entity","SalarisverzoekVerschotten","SalarisverzoekVerschottenPlugin","SalarisverzoekVerschottenService","public class SalarisverzoekVerschottenPlugin : PluginEventHandler<SalarisverzoekVerschotten>, IPlugin","context.Resolve<SalarisverzoekVerschottenService>().PrepareCreate(record);","C:\Beheer\Vibe\toezicht2\Rechtspraak.Toezicht.Processing\Insolventie\Verzoeken\SalarisverzoekVerschottenPlugin.cs"
"Insolventie","entity","SalarisverzoekVoorschotten","SalarisverzoekVoorschottenPlugin","SalarisverzoekVoorschottenService","public class SalarisverzoekVoorschottenPlugin : PluginEventHandler<SalarisverzoekVoorschotten>, IPlugin","context.Resolve<SalarisverzoekVoorschottenService>().PrepareCreate(record);","C:\Beheer\Vibe\toezicht2\Rechtspraak.Toezicht.Processing\Insolventie\Verzoeken\SalarisverzoekVoorschottenPlugin.cs"
"Insolventie","action","VerzoekBehandelenRequest","VerzoekBehandelenActionPlugin","InitiatingUserReference","public class VerzoekBehandelenActionPlugin : ActionPluginEventHandler<VerzoekBehandelenRequest, VerzoekBehandelenResponse>, IPlugin","var behandelaarId = context.Resolve<InitiatingUserReference>();","C:\Beheer\Vibe\toezicht2\Rechtspraak.Toezicht.Processing\Insolventie\Verzoeken\VerzoekBehandelenActionPlugin.cs"
"Insolventie","action","VerzoekTonenRequest","VerzoekTonenActionPlugin",,"public class VerzoekTonenActionPlugin : ActionPluginEventHandler<VerzoekTonenRequest, VerzoekTonenResponse>, IPlugin",,"C:\Beheer\Vibe\toezicht2\Rechtspraak.Toezicht.Processing\Insolventie\Verzoeken\VerzoekTonenActionPlugin.cs"
"Insolventie","entity","VerzoekExArt69Fw","VerzoekExArt69FwPlugin","VerzoekExArt69FwService","public class VerzoekExArt69FwPlugin : PluginEventHandler<VerzoekExArt69Fw>, IPlugin","context.Resolve<VerzoekExArt69FwService>()","C:\Beheer\Vibe\toezicht2\Rechtspraak.Toezicht.Processing\Insolventie\VerzoekenExArt69Fw\VerzoekExArt69FwPlugin.cs"
"Insolventie","entity","InsVerzoekschrift","InsVerzoekschriftPlugin","VerzoekschriftService","public class InsVerzoekschriftPlugin : PluginEventHandler<InsVerzoekschrift>, IPlugin","context.Resolve<VerzoekschriftService>().HandleUpdate(record);","C:\Beheer\Vibe\toezicht2\Rechtspraak.Toezicht.Processing\Insolventie\Verzoekschriften\InsVerzoekschriftPlugin.cs"
"Insolventie","action","InsVerzoekschriftArrestRegistrerenRequest","VerzoekschriftArrestRegistrerenActionPlugin","VerzoekschriftArrestService","public class VerzoekschriftArrestRegistrerenActionPlugin : ActionPluginEventHandler<InsVerzoekschriftArrestRegistrerenRequest, InsVerzoekschriftArrestRegistrerenResponse>, IPlugin","var verzoekschriftArrestService = context.Resolve<VerzoekschriftArrestService>();","C:\Beheer\Vibe\toezicht2\Rechtspraak.Toezicht.Processing\Insolventie\Verzoekschriften\VerzoekschriftArrestRegistrerenActionPlugin.cs"
"Insolventie","action","InsVerzoekschriftBehandelenRequest","VerzoekschriftBehandelenActionPlugin","VerzoekschriftBehandelService","public class VerzoekschriftBehandelenActionPlugin : ActionPluginEventHandler<InsVerzoekschriftBehandelenRequest, InsVerzoekschriftBehandelenResponse>, IPlugin","var service = context.Resolve<VerzoekschriftBehandelService>();","C:\Beheer\Vibe\toezicht2\Rechtspraak.Toezicht.Processing\Insolventie\Verzoekschriften\VerzoekschriftBehandelenActionPlugin.cs"
"Insolventie","action","InsVerzoekschriftBehandeloptiesRequest","VerzoekschriftBehandeloptiesActionPlugin",,"public class VerzoekschriftBehandeloptiesActionPlugin : ActionPluginEventHandler<InsVerzoekschriftBehandeloptiesRequest, InsVerzoekschriftBehandeloptiesResponse>, IPlugin",,"C:\Beheer\Vibe\toezicht2\Rechtspraak.Toezicht.Processing\Insolventie\Verzoekschriften\VerzoekschriftBehandeloptiesActionPlugin.cs"
"Insolventie","action","InsVerzoekschriftDeactiverenRequest","VerzoekschriftDeactiverenActionPlugin","VerzoekschriftDeactivatieService","public class VerzoekschriftDeactiverenActionPlugin : ActionPluginEventHandler<InsVerzoekschriftDeactiverenRequest, InsVerzoekschriftDeactiverenResponse>, IPlugin","var verzoekschriftDeactivatieService = context.Resolve<VerzoekschriftDeactivatieService>();","C:\Beheer\Vibe\toezicht2\Rechtspraak.Toezicht.Processing\Insolventie\Verzoekschriften\VerzoekschriftDeactiverenActionPlugin.cs"
"Insolventie","action","VerzoekschriftIndienenRequest","VerzoekschriftIndienenActionPlugin","IVerzoekschriftIndienService","public class VerzoekschriftIndienenActionPlugin : ActionPluginEventHandler<VerzoekschriftIndienenRequest, VerzoekschriftIndienenResponse>, IPlugin","var service = context.Resolve<IVerzoekschriftIndienService>();","C:\Beheer\Vibe\toezicht2\Rechtspraak.Toezicht.Processing\Insolventie\Verzoekschriften\VerzoekschriftIndienenActionPlugin.cs"
"Insolventie","action","VerzoekschriftTonenRequest","VerzoekschriftTonenActionPlugin",,"public class VerzoekschriftTonenActionPlugin : ActionPluginEventHandler<VerzoekschriftTonenRequest, VerzoekschriftTonenResponse>, IPlugin",,"C:\Beheer\Vibe\toezicht2\Rechtspraak.Toezicht.Processing\Insolventie\Verzoekschriften\VerzoekschriftTonenActionPlugin.cs"
"Insolventie","action","VerzoekschriftUitspraakAanmakenRequest","VerzoekschriftUitspraakAanmakenActionPlugin","SchrijfhulpService","public class VerzoekschriftUitspraakAanmakenActionPlugin : ActionPluginEventHandler<VerzoekschriftUitspraakAanmakenRequest, VerzoekschriftUitspraakAanmakenResponse>, IPlugin","var service = context.Resolve<SchrijfhulpService>();","C:\Beheer\Vibe\toezicht2\Rechtspraak.Toezicht.Processing\Insolventie\Verzoekschriften\VerzoekschriftUitspraakAanmakenActionPlugin.cs"
"Insolventie","action","VerzoekschriftUitspraakAanmakenOptiesRequest","VerzoekschriftUitspraakAanmakenOptiesActionPlugin","SchrijfhulpService","public class VerzoekschriftUitspraakAanmakenOptiesActionPlugin : ActionPluginEventHandler<VerzoekschriftUitspraakAanmakenOptiesRequest, VerzoekschriftUitspraakAanmakenOptiesResponse>, IPlugin","var service = context.Resolve<SchrijfhulpService>();","C:\Beheer\Vibe\toezicht2\Rechtspraak.Toezicht.Processing\Insolventie\Verzoekschriften\VerzoekschriftUitspraakAanmakenOptiesActionPlugin.cs"
"Insolventie","action","InsVerzoekschriftformulierBehandelenRequest","VerzoekschriftformulierBehandelenActionPlugin","VerzoekschriftformulierBehandelService","public class VerzoekschriftformulierBehandelenActionPlugin : ActionPluginEventHandler<InsVerzoekschriftformulierBehandelenRequest, InsVerzoekschriftformulierBehandelenResponse>, IPlugin","var service = context.Resolve<VerzoekschriftformulierBehandelService>();","C:\Beheer\Vibe\toezicht2\Rechtspraak.Toezicht.Processing\Insolventie\Verzoekschriftformulieren\VerzoekschriftformulierBehandelenActionPlugin.cs"
"Insolventie","action","InsVerzoekschriftformulierBehandeloptiesRequest","VerzoekschriftformulierBehandeloptiesActionPlugin",,"public class VerzoekschriftformulierBehandeloptiesActionPlugin : ActionPluginEventHandler<InsVerzoekschriftformulierBehandeloptiesRequest, InsVerzoekschriftformulierBehandeloptiesResponse>, IPlugin",,"C:\Beheer\Vibe\toezicht2\Rechtspraak.Toezicht.Processing\Insolventie\Verzoekschriftformulieren\VerzoekschriftformulierBehandeloptiesActionPlugin.cs"
"Insolventie","action","VerzoekschriftformulierIndienenRequest","VerzoekschriftformulierIndienenActionPlugin","IVerzoekschriftformulierIndienService","public class VerzoekschriftformulierIndienenActionPlugin : ActionPluginEventHandler<VerzoekschriftformulierIndienenRequest, VerzoekschriftformulierIndienenResponse>, IPlugin","var service = context.Resolve<IVerzoekschriftformulierIndienService>();","C:\Beheer\Vibe\toezicht2\Rechtspraak.Toezicht.Processing\Insolventie\Verzoekschriftformulieren\VerzoekschriftformulierIndienenActionPlugin.cs"
"Insolventie","entity","InsIntakeFormulier","VerzoekschriftformulierPlugin","VerzoekschriftformulierService","public class VerzoekschriftformulierPlugin : PluginEventHandler<InsIntakeFormulier>, IPlugin","context.Resolve<VerzoekschriftformulierService>()","C:\Beheer\Vibe\toezicht2\Rechtspraak.Toezicht.Processing\Insolventie\Verzoekschriftformulieren\VerzoekschriftformulierPlugin.cs"
"Insolventie","action","VerzoekschriftformulierTonenRequest","VerzoekschriftformulierTonenActionPlugin",,"public class VerzoekschriftformulierTonenActionPlugin : ActionPluginEventHandler<VerzoekschriftformulierTonenRequest, VerzoekschriftformulierTonenResponse>, IPlugin",,"C:\Beheer\Vibe\toezicht2\Rechtspraak.Toezicht.Processing\Insolventie\Verzoekschriftformulieren\VerzoekschriftformulierTonenActionPlugin.cs"
"Insolventie","entity","InsBelanghebbendeDerde","BelanghebbendeDerdePlugin","BelanghebbendeDerdeService","public class BelanghebbendeDerdePlugin : PluginEventHandler<InsBelanghebbendeDerde>, IPlugin","context.Resolve<BelanghebbendeDerdeService>()","C:\Beheer\Vibe\toezicht2\Rechtspraak.Toezicht.Processing\Insolventie\Zaken\BelanghebbendeDerdePlugin.cs"
"Insolventie","action","ZaakBriefAanmakenRequest","ZaakBriefAanmakenActionPlugin","SchrijfhulpService","public class ZaakBriefAanmakenActionPlugin : ActionPluginEventHandler<ZaakBriefAanmakenRequest, ZaakBriefAanmakenResponse>, IPlugin","var service = context.Resolve<SchrijfhulpService>();","C:\Beheer\Vibe\toezicht2\Rechtspraak.Toezicht.Processing\Insolventie\Zaken\ZaakBriefAanmakenActionPlugin.cs"
"Insolventie","action","ZaakBriefAanmakenOptiesRequest","ZaakBriefAanmakenOptiesActionPlugin","SchrijfhulpService","public class ZaakBriefAanmakenOptiesActionPlugin : ActionPluginEventHandler<ZaakBriefAanmakenOptiesRequest, ZaakBriefAanmakenOptiesResponse>, IPlugin","var service = context.Resolve<SchrijfhulpService>();","C:\Beheer\Vibe\toezicht2\Rechtspraak.Toezicht.Processing\Insolventie\Zaken\ZaakBriefAanmakenOptiesActionPlugin.cs"
"Insolventie","action","ZaakDeactiverenRequest","ZaakDeactiverenActionPlugin","ZaakDeactivatieService","public class ZaakDeactiverenActionPlugin : ActionPluginEventHandler<ZaakDeactiverenRequest, ZaakDeactiverenResponse>, IPlugin","var zaakDeactivatieService = context.Resolve<ZaakDeactivatieService>();","C:\Beheer\Vibe\toezicht2\Rechtspraak.Toezicht.Processing\Insolventie\Zaken\ZaakDeactiverenActionPlugin.cs"
"Insolventie","action","ZaakGetVolgnummerRequest","ZaakGetVolgnummerActionPlugin","AutonummerService","public class ZaakGetVolgnummerActionPlugin : ActionPluginEventHandler<ZaakGetVolgnummerRequest, ZaakGetVolgnummerResponse>, IPlugin","var autonummerService = context.Resolve<AutonummerService>();","C:\Beheer\Vibe\toezicht2\Rechtspraak.Toezicht.Processing\Insolventie\Zaken\ZaakGetVolgnummerActionPlugin.cs"
"Insolventie","action","HeropenenFaillissementRequest","ZaakHeropenenFaillissementActionPlugin","ZaakHeropenenFaillissementService","public class ZaakHeropenenFaillissementActionPlugin : ActionPluginEventHandler<HeropenenFaillissementRequest, HeropenenFaillissementResponse>, IPlugin","var service = context.Resolve<ZaakHeropenenFaillissementService>();","C:\Beheer\Vibe\toezicht2\Rechtspraak.Toezicht.Processing\Insolventie\Zaken\ZaakHeropenenFaillissementActionPlugin.cs"
"Insolventie","entity","Zaakinvoer","ZaakinvoerPlugin","ZaakinvoerService","public class ZaakinvoerPlugin : PluginEventHandler<Zaakinvoer>, IPlugin","context.Resolve<ZaakinvoerService>()","C:\Beheer\Vibe\toezicht2\Rechtspraak.Toezicht.Processing\Insolventie\Zaken\ZaakinvoerPlugin.cs"
"Insolventie","entity","Zaakinvoerwizard","ZaakinvoerwizardPlugin","ZaakinvoerwizardService","public class ZaakinvoerwizardPlugin : PluginEventHandler<Zaakinvoerwizard>, IPlugin","context.Resolve<ZaakinvoerwizardService>()","C:\Beheer\Vibe\toezicht2\Rechtspraak.Toezicht.Processing\Insolventie\Zaken\ZaakinvoerwizardPlugin.cs"
"Insolventie","action","ZaakNieuwVoortgangsverslagRequest","ZaakNieuwVoortgangsverslagActionPlugin","AutonummerService","public class ZaakNieuwVoortgangsverslagActionPlugin : ActionPluginEventHandler<ZaakNieuwVoortgangsverslagRequest, ZaakNieuwVoortgangsverslagResponse>, IPlugin","var autonummerService = context.Resolve<AutonummerService>();","C:\Beheer\Vibe\toezicht2\Rechtspraak.Toezicht.Processing\Insolventie\Zaken\ZaakNieuwVoortgangsverslagActionPlugin.cs"
"Insolventie","action","ZaakOntnemenSchoneLeiRequest","ZaakOntnemenSchoneLeiActionPlugin","ZaakService","public class ZaakOntnemenSchoneLeiActionPlugin : ActionPluginEventHandler<ZaakOntnemenSchoneLeiRequest, ZaakOntnemenSchoneLeiResponse>, IPlugin","var zaakService = context.Resolve<ZaakService>();","C:\Beheer\Vibe\toezicht2\Rechtspraak.Toezicht.Processing\Insolventie\Zaken\ZaakOntnemenSchoneLeiActionPlugin.cs"
"Insolventie","entity","Zaak","ZaakPlugin","ZaakService","public class ZaakPlugin : PluginEventHandler<Zaak>, IPlugin","context.Resolve<ZaakService>().PrepareUpdate(record);","C:\Beheer\Vibe\toezicht2\Rechtspraak.Toezicht.Processing\Insolventie\Zaken\ZaakPlugin.cs"
"Insolventie","action","ZaakSearchRequest","ZaakSearchActionPlugin","SettingService","public class ZaakSearchActionPlugin : ActionPluginEventHandler<ZaakSearchRequest, ZaakSearchResponse>, IPlugin","var searchUrl = context.Resolve<SettingService>().GetSearchUrl();","C:\Beheer\Vibe\toezicht2\Rechtspraak.Toezicht.Processing\Insolventie\Zaken\ZaakSearchActionPlugin.cs"
"Insolventie","action","WijzigVolgnummerRequest","ZaakWijzigVolgnummerActionPlugin","ZaakWijzigVolgnummerService","public class ZaakWijzigVolgnummerActionPlugin : ActionPluginEventHandler<WijzigVolgnummerRequest, WijzigVolgnummerResponse>, IPlugin","context.Resolve<ZaakWijzigVolgnummerService>()","C:\Beheer\Vibe\toezicht2\Rechtspraak.Toezicht.Processing\Insolventie\Zaken\ZaakWijzigVolgnummerActionPlugin.cs"
"Insolventie","entity","InsZittingbelanghebbendeDerde","ZittingBelanghebbendeDerdePlugin","ZittingBelanghebbendeDerdeService","public class ZittingBelanghebbendeDerdePlugin : PluginEventHandler<InsZittingbelanghebbendeDerde>, IPlugin","context.Resolve<ZittingBelanghebbendeDerdeService>()","C:\Beheer\Vibe\toezicht2\Rechtspraak.Toezicht.Processing\Insolventie\Zittingen\ZittingBelanghebbendeDerdePlugin.cs"
"Insolventie","action","ZittingBelanghebbendenOptiesRequest","ZittingBelanghebbendenOptiesActionPlugin","ZittingBelanghebbendeDerdeService","public class ZittingBelanghebbendenOptiesActionPlugin : ActionPluginEventHandler<ZittingBelanghebbendenOptiesRequest, ZittingBelanghebbendenOptiesResponse>, IPlugin","var service = context.Resolve<ZittingBelanghebbendeDerdeService>();","C:\Beheer\Vibe\toezicht2\Rechtspraak.Toezicht.Processing\Insolventie\Zittingen\ZittingBelanghebbendenOptiesActionPlugin.cs"
"Insolventie","action","ZittingBelanghebbendenToevoegenRequest","ZittingBelanghebbendenToevoegenActionPlugin","ZittingBelanghebbendeDerdeService","public class ZittingBelanghebbendenToevoegenActionPlugin : ActionPluginEventHandler<ZittingBelanghebbendenToevoegenRequest, ZittingBelanghebbendenToevoegenResponse>, IPlugin","var service = context.Resolve<ZittingBelanghebbendeDerdeService>();","C:\Beheer\Vibe\toezicht2\Rechtspraak.Toezicht.Processing\Insolventie\Zittingen\ZittingBelanghebbendenToevoegenActionPlugin.cs"
"Insolventie","action","ZittingOproepbriefAanmakenRequest","ZittingOproepbriefAanmakenActionPlugin","SchrijfhulpService","public class ZittingOproepbriefAanmakenActionPlugin : ActionPluginEventHandler<ZittingOproepbriefAanmakenRequest, ZittingOproepbriefAanmakenResponse>, IPlugin","var zittingOproepbriefService = context.Resolve<SchrijfhulpService>();","C:\Beheer\Vibe\toezicht2\Rechtspraak.Toezicht.Processing\Insolventie\Zittingen\ZittingOproepbriefAanmakenActionPlugin.cs"
"Insolventie","action","ZittingOproepbriefAanmakenOptiesRequest","ZittingOproepbriefAanmakenOptiesActionPlugin","SchrijfhulpService","public class ZittingOproepbriefAanmakenOptiesActionPlugin : ActionPluginEventHandler<ZittingOproepbriefAanmakenOptiesRequest, ZittingOproepbriefAanmakenOptiesResponse>, IPlugin","var service = context.Resolve<SchrijfhulpService>();","C:\Beheer\Vibe\toezicht2\Rechtspraak.Toezicht.Processing\Insolventie\Zittingen\ZittingOproepbriefAanmakenOptiesActionPlugin.cs"
"LKB","entity","LkbBericht","LkbBerichtPlugin","LkbBerichtService","public class LkbBerichtPlugin : PluginEventHandler<LkbBericht>, IPlugin","context.Resolve<LkbBerichtService>()","C:\Beheer\Vibe\toezicht2\Rechtspraak.Toezicht.Processing\Lkb\LkbBerichtPlugin.cs"
"LKB","entity","LkbDossier","LkbDossierPlugin","LkbDossierService","public class LkbDossierPlugin : PluginEventHandler<LkbDossier>, IPlugin","context.Resolve<LkbDossierService>()","C:\Beheer\Vibe\toezicht2\Rechtspraak.Toezicht.Processing\Lkb\LkbDossierPlugin.cs"
"LKB","entity","LkbMedewerker","LkbMedewerkerPlugin","LkbMedewerkerService","public class LkbMedewerkerPlugin : PluginEventHandler<LkbMedewerker>, IPlugin","context.Resolve<LkbMedewerkerService>().PrepareCreate(record);","C:\Beheer\Vibe\toezicht2\Rechtspraak.Toezicht.Processing\Lkb\LkbMedewerkerPlugin.cs"
"LKB","entity","LkbOnderneming","LkbOndernemingPlugin","LkbOndernemingService","public class LkbOndernemingPlugin : PluginEventHandler<LkbOnderneming>, IPlugin","context.Resolve<LkbOndernemingService>()","C:\Beheer\Vibe\toezicht2\Rechtspraak.Toezicht.Processing\Lkb\LkbOndernemingPlugin.cs"
"LKB","entity","LkbPersoon","LkbPersoonPlugin","LkbPersoonValidator","public class LkbPersoonPlugin : PluginEventHandler<LkbPersoon>, IPlugin","context.Resolve<LkbPersoonValidator>()","C:\Beheer\Vibe\toezicht2\Rechtspraak.Toezicht.Processing\Lkb\LkbPersoonPlugin.cs"
"LKB","entity","LkbTaak","LkbTaakPlugin","LkbTaakService","public class LkbTaakPlugin : PluginEventHandler<LkbTaak>, IPlugin","context.Resolve<LkbTaakService>()","C:\Beheer\Vibe\toezicht2\Rechtspraak.Toezicht.Processing\Lkb\LkbTaakPlugin.cs"
"LKB","entity","LkbUitvoerderregisterVermelding","LkbUitvoerderPlugin","LkbUitvoerderService","public class LkbUitvoerderPlugin : PluginEventHandler<LkbUitvoerderregisterVermelding>, IPlugin","context.Resolve<LkbUitvoerderService>().PrepareCreate(record);","C:\Beheer\Vibe\toezicht2\Rechtspraak.Toezicht.Processing\Lkb\LkbUitvoerderPlugin.cs"
"LKB","entity","LkbUitvoerdertaak","LkbUitvoerdertaakPlugin","LkbUitvoerdertaakService","public class LkbUitvoerdertaakPlugin : PluginEventHandler<LkbUitvoerdertaak>, IPlugin","context.Resolve<LkbUitvoerdertaakService>()","C:\Beheer\Vibe\toezicht2\Rechtspraak.Toezicht.Processing\Lkb\LkbUitvoerdertaakPlugin.cs"
"LKB","entity","LkbVerzoek","LkbVerzoekPlugin","LkbVerzoekService","public class LkbVerzoekPlugin : PluginEventHandler<LkbVerzoek>, IPlugin","context.Resolve<LkbVerzoekService>()","C:\Beheer\Vibe\toezicht2\Rechtspraak.Toezicht.Processing\Lkb\LkbVerzoekPlugin.cs"
"LKB","entity","LkbWaarneming","LkbWaarnemingPlugin","LkbWaarnemingService","public class LkbWaarnemingPlugin : PluginEventHandler<LkbWaarneming>, IPlugin","context.Resolve<LkbWaarnemingService>().PrepareCreate(record);","C:\Beheer\Vibe\toezicht2\Rechtspraak.Toezicht.Processing\Lkb\LkbWaarnemingPlugin.cs"
"CBM","action","VerwijderenCbmInstellingsverzoekRequest","CbmInstellingsverzoek",,"public class CbmInstellingsverzoek : ActionPluginEventHandler<VerwijderenCbmInstellingsverzoekRequest, VerwijderenCbmInstellingsverzoekResponse>, IPlugin",,"C:\Beheer\Vibe\toezicht2\Rechtspraak.Toezicht.TestSupportPlugins\Verwijderen\CbmInstellingsverzoek.cs"
